Month,F,Sa,Su
Sep,12.905,20.605,12.545
Oct,38.11,39.76,24.59
Nov,31.950000000000003,33.515,21.075000000000003
Dec,27.6,38.535,33.629999999999995
